student_id,course_id,assessment_date,assessment_type,marks,max_marks,attendance_pct,status
S001,C01,2026-09-20,MID1,42,50,92,VALID
S002,C01,2026-09-20,MID1,38,50,88,VALID
S003,C02,2026-09-21,MID1,45,50,95,VALID
S004,C02,2026-09-21,MID1,31,50,76,VALID
S001,C02,2026-09-22,LAB,18,20,92,VALID
S002,C02,2026-09-22,LAB,16,20,88,VALID
S003,C01,2026-09-23,LAB,19,20,95,VALID
S004,C01,2026-09-23,LAB,12,20,76,VALID
S001,C01,2026-09-24,FINAL,84,100,92,VALID
S002,C01,2026-09-24,FINAL,71,100,88,VALID
S003,C02,2026-09-25,FINAL,91,100,95,VALID
S004,C02,2026-09-25,FINAL,55,100,76,INVALID
