student_id,student_name,semester,section
S001,Anika_1,4,A
S002,Rahul_2,4,B
S003,Meera_3,4,A
S004,Arjun_4,4,B
S005,Kavya_5,4,A
S006,Rohan_6,4,B
S007,Priya_7,4,A
S008,Vikram_8,4,B
S009,Sneha_9,4,A
S010,Aditya_10,4,B
S011,Anika_11,4,A
S012,Rahul_12,4,B
S013,Meera_13,4,A
S014,Arjun_14,4,B
S015,Kavya_15,4,A
S016,Rohan_16,4,B
S017,Priya_17,4,A
S018,Vikram_18,4,B
S019,Sneha_19,4,A
S020,Aditya_20,4,B
S021,Anika_21,4,A
S022,Rahul_22,4,B
S023,Meera_23,4,A
S024,Arjun_24,4,B
S025,Kavya_25,4,A
S026,Rohan_26,4,B
S027,Priya_27,4,A
S028,Vikram_28,4,B
S029,Sneha_29,4,A
S030,Aditya_30,4,B
S031,Anika_31,4,A
S032,Rahul_32,4,B
S033,Meera_33,4,A
S034,Arjun_34,4,B
S035,Kavya_35,4,A
S036,Rohan_36,4,B
S037,Priya_37,4,A
S038,Vikram_38,4,B
S039,Sneha_39,4,A
S040,Aditya_40,4,B
S041,Anika_41,4,A
S042,Rahul_42,4,B
S043,Meera_43,4,A
S044,Arjun_44,4,B
S045,Kavya_45,4,A
S046,Rohan_46,4,B
S047,Priya_47,4,A
S048,Vikram_48,4,B
S049,Sneha_49,4,A
S050,Aditya_50,4,B
S051,Anika_51,4,A
S052,Rahul_52,4,B
S053,Meera_53,4,A
S054,Arjun_54,4,B
S055,Kavya_55,4,A
S056,Rohan_56,4,B
S057,Priya_57,4,A
S058,Vikram_58,4,B
S059,Sneha_59,4,A
S060,Aditya_60,4,B
S061,Anika_61,4,A
S062,Rahul_62,4,B
S063,Meera_63,4,A
S064,Arjun_64,4,B
S065,Kavya_65,4,A
S066,Rohan_66,4,B
S067,Priya_67,4,A
S068,Vikram_68,4,B
S069,Sneha_69,4,A
S070,Aditya_70,4,B
S071,Anika_71,4,A
S072,Rahul_72,4,B
S073,Meera_73,4,A
S074,Arjun_74,4,B
S075,Kavya_75,4,A
S076,Rohan_76,4,B
S077,Priya_77,4,A
S078,Vikram_78,4,B
S079,Sneha_79,4,A
S080,Aditya_80,4,B
S081,Anika_81,4,A
S082,Rahul_82,4,B
S083,Meera_83,4,A
S084,Arjun_84,4,B
S085,Kavya_85,4,A
S086,Rohan_86,4,B
S087,Priya_87,4,A
S088,Vikram_88,4,B
S089,Sneha_89,4,A
S090,Aditya_90,4,B
S091,Anika_91,4,A
S092,Rahul_92,4,B
S093,Meera_93,4,A
S094,Arjun_94,4,B
S095,Kavya_95,4,A
S096,Rohan_96,4,B
S097,Priya_97,4,A
S098,Vikram_98,4,B
S099,Sneha_99,4,A
S100,Aditya_100,4,B
S101,Anika_101,4,A
S102,Rahul_102,4,B
S103,Meera_103,4,A
S104,Arjun_104,4,B
S105,Kavya_105,4,A
S106,Rohan_106,4,B
S107,Priya_107,4,A
S108,Vikram_108,4,B
S109,Sneha_109,4,A
S110,Aditya_110,4,B
S111,Anika_111,4,A
S112,Rahul_112,4,B
S113,Meera_113,4,A
S114,Arjun_114,4,B
S115,Kavya_115,4,A
S116,Rohan_116,4,B
S117,Priya_117,4,A
S118,Vikram_118,4,B
S119,Sneha_119,4,A
S120,Aditya_120,4,B
S121,Anika_121,4,A
S122,Rahul_122,4,B
S123,Meera_123,4,A
S124,Arjun_124,4,B
S125,Kavya_125,4,A
S126,Rohan_126,4,B
S127,Priya_127,4,A
S128,Vikram_128,4,B
S129,Sneha_129,4,A
S130,Aditya_130,4,B
S131,Anika_131,4,A
S132,Rahul_132,4,B
S133,Meera_133,4,A
S134,Arjun_134,4,B
S135,Kavya_135,4,A
S136,Rohan_136,4,B
S137,Priya_137,4,A
S138,Vikram_138,4,B
S139,Sneha_139,4,A
S140,Aditya_140,4,B
S141,Anika_141,4,A
S142,Rahul_142,4,B
S143,Meera_143,4,A
S144,Arjun_144,4,B
S145,Kavya_145,4,A
S146,Rohan_146,4,B
S147,Priya_147,4,A
S148,Vikram_148,4,B
S149,Sneha_149,4,A
S150,Aditya_150,4,B
S151,Anika_151,4,A
S152,Rahul_152,4,B
S153,Meera_153,4,A
S154,Arjun_154,4,B
S155,Kavya_155,4,A
S156,Rohan_156,4,B
S157,Priya_157,4,A
S158,Vikram_158,4,B
S159,Sneha_159,4,A
S160,Aditya_160,4,B
S161,Anika_161,4,A
S162,Rahul_162,4,B
S163,Meera_163,4,A
S164,Arjun_164,4,B
S165,Kavya_165,4,A
S166,Rohan_166,4,B
S167,Priya_167,4,A
S168,Vikram_168,4,B
S169,Sneha_169,4,A
S170,Aditya_170,4,B
S171,Anika_171,4,A
S172,Rahul_172,4,B
S173,Meera_173,4,A
S174,Arjun_174,4,B
S175,Kavya_175,4,A
S176,Rohan_176,4,B
S177,Priya_177,4,A
S178,Vikram_178,4,B
S179,Sneha_179,4,A
S180,Aditya_180,4,B
S181,Anika_181,4,A
S182,Rahul_182,4,B
S183,Meera_183,4,A
S184,Arjun_184,4,B
S185,Kavya_185,4,A
S186,Rohan_186,4,B
S187,Priya_187,4,A
S188,Vikram_188,4,B
S189,Sneha_189,4,A
S190,Aditya_190,4,B
S191,Anika_191,4,A
S192,Rahul_192,4,B
S193,Meera_193,4,A
S194,Arjun_194,4,B
S195,Kavya_195,4,A
S196,Rohan_196,4,B
S197,Priya_197,4,A
S198,Vikram_198,4,B
S199,Sneha_199,4,A
S200,Aditya_200,4,B
S201,Anika_201,4,A
S202,Rahul_202,4,B
S203,Meera_203,4,A
S204,Arjun_204,4,B
S205,Kavya_205,4,A
S206,Rohan_206,4,B
S207,Priya_207,4,A
S208,Vikram_208,4,B
S209,Sneha_209,4,A
S210,Aditya_210,4,B
S211,Anika_211,4,A
S212,Rahul_212,4,B
S213,Meera_213,4,A
S214,Arjun_214,4,B
S215,Kavya_215,4,A
S216,Rohan_216,4,B
S217,Priya_217,4,A
S218,Vikram_218,4,B
S219,Sneha_219,4,A
S220,Aditya_220,4,B
S221,Anika_221,4,A
S222,Rahul_222,4,B
S223,Meera_223,4,A
S224,Arjun_224,4,B
S225,Kavya_225,4,A
S226,Rohan_226,4,B
S227,Priya_227,4,A
S228,Vikram_228,4,B
S229,Sneha_229,4,A
S230,Aditya_230,4,B
S231,Anika_231,4,A
S232,Rahul_232,4,B
S233,Meera_233,4,A
S234,Arjun_234,4,B
S235,Kavya_235,4,A
S236,Rohan_236,4,B
S237,Priya_237,4,A
S238,Vikram_238,4,B
S239,Sneha_239,4,A
S240,Aditya_240,4,B
S241,Anika_241,4,A
S242,Rahul_242,4,B
S243,Meera_243,4,A
S244,Arjun_244,4,B
S245,Kavya_245,4,A
S246,Rohan_246,4,B
S247,Priya_247,4,A
S248,Vikram_248,4,B
S249,Sneha_249,4,A
S250,Aditya_250,4,B
S251,Anika_251,4,A
S252,Rahul_252,4,B
S253,Meera_253,4,A
S254,Arjun_254,4,B
S255,Kavya_255,4,A
S256,Rohan_256,4,B
S257,Priya_257,4,A
S258,Vikram_258,4,B
S259,Sneha_259,4,A
S260,Aditya_260,4,B
S261,Anika_261,4,A
S262,Rahul_262,4,B
S263,Meera_263,4,A
S264,Arjun_264,4,B
S265,Kavya_265,4,A
S266,Rohan_266,4,B
S267,Priya_267,4,A
S268,Vikram_268,4,B
S269,Sneha_269,4,A
S270,Aditya_270,4,B
S271,Anika_271,4,A
S272,Rahul_272,4,B
S273,Meera_273,4,A
S274,Arjun_274,4,B
S275,Kavya_275,4,A
S276,Rohan_276,4,B
S277,Priya_277,4,A
S278,Vikram_278,4,B
S279,Sneha_279,4,A
S280,Aditya_280,4,B
S281,Anika_281,4,A
S282,Rahul_282,4,B
S283,Meera_283,4,A
S284,Arjun_284,4,B
S285,Kavya_285,4,A
S286,Rohan_286,4,B
S287,Priya_287,4,A
S288,Vikram_288,4,B
S289,Sneha_289,4,A
S290,Aditya_290,4,B
S291,Anika_291,4,A
S292,Rahul_292,4,B
S293,Meera_293,4,A
S294,Arjun_294,4,B
S295,Kavya_295,4,A
S296,Rohan_296,4,B
S297,Priya_297,4,A
S298,Vikram_298,4,B
S299,Sneha_299,4,A
S300,Aditya_300,4,B
