order_id,customer_id,product_id,order_date,quantity,unit_price,payment_method,status
O001,C001,P001,2026-09-20,2,500,CARD,COMPLETED
O002,C002,P002,2026-09-20,1,1200,UPI,COMPLETED
O003,C001,P003,2026-09-21,3,300,CARD,COMPLETED
O004,C003,P001,2026-09-21,1,500,CASH,CANCELLED
O005,C002,P004,2026-09-22,2,800,UPI,COMPLETED
O006,C004,P005,2026-09-22,1,1500,CARD,COMPLETED
O007,C001,P002,2026-09-23,1,1200,UPI,COMPLETED
O008,C003,P003,2026-09-23,4,300,CARD,COMPLETED
O009,C004,P004,2026-09-24,1,800,CASH,COMPLETED
O010,C002,P001,2026-09-24,2,500,CARD,COMPLETED
O011,C001,P005,2026-09-25,1,1500,CARD,COMPLETED
O012,C004,P003,2026-09-25,2,300,UPI,COMPLETED
